kalimat,sentiment
pelemahan nilai tukar rupiah terhadap dolar as membuat harga barang impor bahan baku impor bahan antara komoditas ekspor dan input produksi menjadi lebih mahap kompas angger putranto bagikan salin pranala oleh budi suwarna hendriyo widi jun wib ekonomi bisnis rupiah akhirnya menembus batas psikologis di level rp,neutral
per dolar as pada kamis ini,neutral
mengutip data bloomberg nilai tukar rupiah terhadap dolar as pada perdagangan kamis pagi melemah ke level rp,neutral
per dolar as sudah jauh di atas asumsi dasar ekonomi makro nilai tukar rupiah terhadap dolar as dalam anggaran pendapatan dan belanja negara apbn yang dipatok pemerintah rp,neutral
apa dampaknya pada harga harga kebutuhan sehari hari dan akhirnya pada isi dompet warga,negative
secara teori pelemahan nilai tukar rupiah terhadap dolar as membuat harga barang impor bahan baku impor bahan antara komoditas ekspor dan input produksi menjadi lebih mahal,neutral
berdasarkan data badan pusat statistik bps yang dirilis pada juni tampak bahwa secara bulanan inflasi mei mencerminkan transmisi pelemahan rupiah ke dalam inflasi impor imported inflation,neutral
dengan kata lain pelemahan nilai tukar rupiah telah membuat harga barang impor bahan baku impor bahan antara komoditas ekspor dan input produksi menjadi lebih mahal,neutral
sebagai catatan berdasarkan data bank indonesia nilai tukar rupiah sepanjang mei berada di kisaran rp,neutral
bps mengumumkan tingkat inflasi nasional pada mei sebesar persen secara bulanan persen secara tahunan dan persen secara tahun kalender,neutral
tingkat inflasi ini masih di kisaran target inflasi pemerintah dan bank indonesia bi pada yakni persen,neutral
kendati begitu inflasi pada mei terjadi merata di seluruh komponen utama yakni inti pangan bergejolak volatile food dan harga yang diatur pemerintah administered price,neutral
pada bulan tersebut tingkat inflasi inti sebesar persen secara bulanan dan persen secara tahunan,neutral
tingkat inflasi komponen pangan bergejolak sebesar persen secara bulanan dan persen secara tahunan,neutral
sementara tingkat inflasi bulanan dan tahunan komponen harga yang diatur pemerintah masing masing sebesar persen dan persen,neutral
bps mencatat sejumlah komoditas berandil besar pada inflasi komponen inti antara lain minyak goreng telepon seluler laptop notebook dan pelumas oli mesin,neutral
kenaikan harga sejumlah komoditas itu tidak terlepas dari melemahnya nilai tukar rupiah terhadap dolar as,neutral
sejumlah komoditas berkontribusi pada inflasi komponen harga yang diatur pemerintah yakni bahan bakar minyak bbm nonsubsidi avtur dan pelumas oli mesin,neutral
hal itu tecermin dalam inflasi bulanan bensin yang sebesar persen tarif angkutan udara persen solar persen dan pelumas oli mesin sebesar persen,neutral
kenaikan harga komoditas ini menggambarkan transmisi kenaikan harga minyak mentah dunia melalui kenaikan harga bahan bakar,neutral
sementara itu beberapa komoditas yang mendorong inflasi pangan bergejolak antara lain cabai merah tomat bawang merah minyak goreng dan beras,neutral
cabai merah mengalami inflasi bulanan sebesar persen tomat persen bawang merah persen minyak goreng persen dan beras persen,neutral
kenaikan harga komoditas pangan pada mei itu dipicu sejumlah faktor,neutral
pertama peningkatan permintaan menjelang hari besar keagamaan seperti idul adha,neutral
kedua penurunan produksi pangan terutama cabai merah tomat dan bawang merah akibat cuaca ekstrem serangan hama dan penyakit serta kekeringan di sejumlah daerah,neutral
berdasarkan data sistem pemantauan dan infpormasi kebutuhan pokok kementerian perdagangan sejumlah komoditas pangan impor seperti kedelai impor dan tepung terigu terdampak depresiasi rupiah dalam rentang waktu mei juni,neutral
dalam kurun waktu yang sama rupiah bergerak di kisaran rp,neutral
level depresiasi tertinggi terjadi pada juni yakni rp,neutral
harga rerata kedelai impor dalam rentang waktu tersebut bergerak di kisaran rp,neutral
per kilogram sampai rp,neutral
harga tertinggi terjadi pada mei yakni rp,neutral
pada juni harga kedelai impor rp,neutral
sementara itu rerata terigu dalam rentang waktu tersebut bergerak di kisaran rp,neutral
per kilogram sampai rp,neutral
harga tertinggi terjadi pada juni yakni rp,neutral
kepala ekonom pt bank permata tbk josua pardede menilai inflasi pada mei lebih tepat dibaca sebagai inflasi dari sisi biaya dan pasokan bukan karena permintaan masyarakat yang terlalu kuat,neutral
inflasi tidak lagi hanya berasal dari pangan atau energi tetapi mulai menjalar ke biaya produksi serta harga barang dan jasa yang lebih luas kompas,neutral
apakah inflasi sana sini itu bakal terhenti pada mei,neutral
selama perang iran versus israel amerika serikat belum tuntas dan jalur maritim selat hormuz di teluk persia belum dibuka sepenuhnya inflasi yang dipicu gejolak harga minyak mentah masih berpotensi berlanjut,neutral
selama rupiah masih terdepresiasi atau belum kembali ke level minimal asumsi ekonomi makro apbn yakni rp,neutral
per dolar as inflasi impor masih bakal menghantui,neutral
selain itu selama pemerintah belum mampu menstabilkan harga sejumlah pangan pokok inflasi pangan bisa terus membayangi,neutral
padahal jika inflasi sejumlah pangan pokok pada mei dapat dikendalikan tingkat inflasi nasional bisa lebih rendah,neutral
dengan dolar as telah tembus di atas level psikologis rp,neutral
siap siaplah merogoh kocek lebih dalam untuk membeli berbagai kebutuhan primer dan sekunder,positive
rupiah akhirnya menembus batas psikologis di level rp,neutral
per dolar as pada kamis ini,neutral
mengutip data bloomberg nilai tukar rupiah terhadap dolar as pada perdagangan kamis pagi melemah ke level rp,neutral
per dolar as sudah jauh di atas asumsi dasar ekonomi makro nilai tukar rupiah terhadap dolar as dalam anggaran pendapatan dan belanja negara apbn yang dipatok pemerintah rp,neutral
apa dampaknya pada harga harga kebutuhan sehari hari dan akhirnya pada isi dompet warga,negative
secara teori pelemahan nilai tukar rupiah terhadap dolar as membuat harga barang impor bahan baku impor bahan antara komoditas ekspor dan input produksi menjadi lebih mahal,neutral
berdasarkan data badan pusat statistik bps yang dirilis pada juni tampak bahwa secara bulanan inflasi mei mencerminkan transmisi pelemahan rupiah ke dalam inflasi impor imported inflation,neutral
dengan kata lain pelemahan nilai tukar rupiah telah membuat harga barang impor bahan baku impor bahan antara komoditas ekspor dan input produksi menjadi lebih mahal,neutral
sebagai catatan berdasarkan data bank indonesia nilai tukar rupiah sepanjang mei berada di kisaran rp,neutral
bps mengumumkan tingkat inflasi nasional pada mei sebesar persen secara bulanan persen secara tahunan dan persen secara tahun kalender,neutral
tingkat inflasi ini masih di kisaran target inflasi pemerintah dan bank indonesia bi pada yakni persen,neutral
kendati begitu inflasi pada mei terjadi merata di seluruh komponen utama yakni inti pangan bergejolak volatile food dan harga yang diatur pemerintah administered price,neutral
pada bulan tersebut tingkat inflasi inti sebesar persen secara bulanan dan persen secara tahunan,neutral
tingkat inflasi komponen pangan bergejolak sebesar persen secara bulanan dan persen secara tahunan,neutral
sementara tingkat inflasi bulanan dan tahunan komponen harga yang diatur pemerintah masing masing sebesar persen dan persen,neutral
bps mencatat sejumlah komoditas berandil besar pada inflasi komponen inti antara lain minyak goreng telepon seluler laptop notebook dan pelumas oli mesin,neutral
kenaikan harga sejumlah komoditas itu tidak terlepas dari melemahnya nilai tukar rupiah terhadap dolar as,neutral
sejumlah komoditas berkontribusi pada inflasi komponen harga yang diatur pemerintah yakni bahan bakar minyak bbm nonsubsidi avtur dan pelumas oli mesin,neutral
hal itu tecermin dalam inflasi bulanan bensin yang sebesar persen tarif angkutan udara persen solar persen dan pelumas oli mesin sebesar persen,neutral
kenaikan harga komoditas ini menggambarkan transmisi kenaikan harga minyak mentah dunia melalui kenaikan harga bahan bakar,neutral
sementara itu beberapa komoditas yang mendorong inflasi pangan bergejolak antara lain cabai merah tomat bawang merah minyak goreng dan beras,neutral
cabai merah mengalami inflasi bulanan sebesar persen tomat persen bawang merah persen minyak goreng persen dan beras persen,neutral
kenaikan harga komoditas pangan pada mei itu dipicu sejumlah faktor,neutral
pertama peningkatan permintaan menjelang hari besar keagamaan seperti idul adha,neutral
kedua penurunan produksi pangan terutama cabai merah tomat dan bawang merah akibat cuaca ekstrem serangan hama dan penyakit serta kekeringan di sejumlah daerah,neutral
berdasarkan data sistem pemantauan dan infpormasi kebutuhan pokok kementerian perdagangan sejumlah komoditas pangan impor seperti kedelai impor dan tepung terigu terdampak depresiasi rupiah dalam rentang waktu mei juni,neutral
dalam kurun waktu yang sama rupiah bergerak di kisaran rp,neutral
level depresiasi tertinggi terjadi pada juni yakni rp,neutral
harga rerata kedelai impor dalam rentang waktu tersebut bergerak di kisaran rp,neutral
per kilogram sampai rp,neutral
harga tertinggi terjadi pada mei yakni rp,neutral
pada juni harga kedelai impor rp,neutral
sementara itu rerata terigu dalam rentang waktu tersebut bergerak di kisaran rp,neutral
per kilogram sampai rp,neutral
harga tertinggi terjadi pada juni yakni rp,neutral
kepala ekonom pt bank permata tbk josua pardede menilai inflasi pada mei lebih tepat dibaca sebagai inflasi dari sisi biaya dan pasokan bukan karena permintaan masyarakat yang terlalu kuat,neutral
inflasi tidak lagi hanya berasal dari pangan atau energi tetapi mulai menjalar ke biaya produksi serta harga barang dan jasa yang lebih luas kompas,neutral
apakah inflasi sana sini itu bakal terhenti pada mei,neutral
selama perang iran versus israel amerika serikat belum tuntas dan jalur maritim selat hormuz di teluk persia belum dibuka sepenuhnya inflasi yang dipicu gejolak harga minyak mentah masih berpotensi berlanjut,neutral
selama rupiah masih terdepresiasi atau belum kembali ke level minimal asumsi ekonomi makro apbn yakni rp,neutral
per dolar as inflasi impor masih bakal menghantui,neutral
selain itu selama pemerintah belum mampu menstabilkan harga sejumlah pangan pokok inflasi pangan bisa terus membayangi,neutral
padahal jika inflasi sejumlah pangan pokok pada mei dapat dikendalikan tingkat inflasi nasional bisa lebih rendah,neutral
dengan dolar as telah tembus di atas level psikologis rp,neutral
siap siaplah merogoh kocek lebih dalam untuk membeli berbagai kebutuhan primer dan sekunder,positive
penulis editor penyelaras bahasa,neutral
