no,komentar,sentimen,confidence
1,"Nilai tukar rupiah terhadap dolar Amerika Serikat semakin melemah. Pada perdagangan Jumat (15/5/2026), rupiah berada di level Rp17.600 per dolar AS.# Mengutip data Google Finance, rupiah kini bergerak di level Rp17.598 per dolar AS. Analis Mata Uang Doo Financial Futures, Lukman Leong memprediksi rupiah akan melemah hingga level Rp18.000 per dolar AS. Lukman mengatakan pelemahan mata uang Garuda dipicu kondisi geopolitik yang memanas antara AS dan Iran di Timur Tengah sehingga menguatkan indeks dolar AS. Dia menyebut untuk menstabilkan nilai rupiah maka bank sentral harus menaikkan suku bunga. - Selengkapnya kunjungi website dengan klik link di bio atau download aplikasi di AppStore dan Google Play Store. #InilahNews #DolarAS #NilaiTukarRupiah #DolarAS",Netral,0.9703
2,"Krisisnya sdh, reformasi jilid 2nya kapan?",Negatif,0.8711
3,"Yg ga ngerti kenapa Dollar ga boleh naik tinggi2, sini dijelasin. Indonesia itu adalah negara pengIMPORT. Semua diimport dari beras, kedelai, bensin, gula, sayur, gandum, dll dll dll. Nah loe kira import bayar pake rupiah? Ya pake dollar or mata uang asing lainnya, nah kalo mata uang ini semua naik, emang loe pikir yg jual ga bakalan naikin harga? Kalo harga udah naik, emang gaji loe yg ga naik cukup buat biaya hidup sama kasih makan keluarga loe? Daya beli turun, yg tdnya bs beli 3kg jd cuman beli 2kg kalo udah begini pengusaha untung makin sedikit kan? Terus lama2 yg kerja sama pengusaha ini dipecat2in karena makin sepi. Pengangguran dimana2, perusahaan banyak yg efisiensi dan tutup. Lama2 ya bubar.",Negatif,0.9715
4,Gapapa yang penting MBG tetap berjalan🔥,Positif,0.7174
5,Mantap X. Hasil kerja pejabag kita semuanya ini. Kabinet Gemuk hasilnya Nihil...... Tembus 25k dong,Negatif,0.6011
6,Bubar nih konoha😢,Negatif,0.9952
7,"Klo sampai menyentuh angka 22rb sih udah parah, perlu melakukan perbaikan dan perubahan secepatnya🔥",Negatif,0.8027
8,Oke gasss oke gassss MAKAN TU OKE GASSSS 😏😆,Positif,0.5181
9,22k? Gas pol 30k,Netral,0.9965
10,mr president be like “kan aku bisa kabur ke jordania lag wkwkwk”,Netral,0.5565
11,Yeyeyeyeyeyey menuju indonesia emasss👏,Netral,0.6336
12,@bem_si @bemui_official udh saat nya gerakin reformasi 🙌,Netral,0.7222
13,Kalau saya benar. Tolong di pin ya min 😄” AYO SEMENTARA 2026 JANGAN ADA YANG UPGRADE HP DAN KENDARAAN”,Netral,0.9623
14,"Yang penting MBG, Koperasi Merah Putih dan Proyek IKN NUSANTARA berjalan🔥",Netral,0.904
15,Kata prof Ferry dan prof Connie......July 22 ribu.....kmd Selesai.,Netral,0.9962
16,Dan mereka para pejabat ga peduli,Negatif,0.9982
17,Yang penting MBG jalan terusss🔥🔥,Positif,0.8924
18,Gpp yg penting MBG ttap jalan...proyek kaos kaki motor listrik... KDMP tetap jalan... lanjutkan Wo,Netral,0.5504
19,"#LawanDollar ‎Hashim mengatakan pasokan minyak yang didapatkan dengan harga khusus itu adalah hasil kunjungan Presiden Prabowo Subianto menemui Presiden Vladimir Putin di Istana Kremlin, Moskwa ‎Awalnya dalam pertemuan dengan Putin, jelas Hashim, awalnya Rusia menyetujui mengirim 100 juta barel dengan harga khusus. Akan tetapi, jumlah itu akan ditambah Rusia sebesar 50 juta barel untuk Indonesia dalam menghadapi gejolak dunia. ‎Kesepakatan dengan Rusia terkait komoditas emas hitam tersebut sebagai upaya dalam ketahanan energi dalam negeri, utamanya terhadap dampak perang di timur tengah yang meningkatkan kekhawatiran terhadap pasokan minyak global.",Netral,0.7917
20,SOLUSI NYA DEMO DEMO DAN DEMO 😡😡😡😡😡😡😡😡😡🔥🔥🔥🔥🔥🔥🔥🔥🔥🔥 KEMBALIKAN JAMAN 98 🔥🔥🔥🔥,Negatif,0.648
21,"Rupiah mau Rp.20.000,- ....Hancur Ekonomi....",Negatif,0.9944
22,Kaum elite joget riang,Positif,0.7178
23,Yg penting pertumbuhan ekonomi penguasa naik.... rakyat tercekik..tutup mata,Negatif,0.9927
24,"Ngeri harga harga skrg, jgn Sampai reformasi jilid 2",Negatif,0.996
25,"📌 TANDA KEHANCURAN ADALAH KETIKA AMANAH DISERAHKAN KEPADA YANG TIDAK KOMPETEN…. Nabi Shalallaahu Alaihi Wassalaam bersabda: “Apabila amanah disia-siakan, maka tunggulah kiamat.” Ada yang bertanya: “Bagaimana menyia-nyiakan amanah itu, wahai Rasulullah?” Beliau menjawab: “Jika suatu urusan diserahkan kepada yang bukan ahlinya, maka tunggulah kehancurannya.” (HR. Bukhari).",Negatif,0.5075
26,"UU Pangan Tahun 2025 sebut Indonesia harus mandiri pangan...... bukan swasembada pangan.... kalau bisa mandiri pangan... berarti sudah swasembada pangan... berarti juga tidak boleh ada sekecil apapun impot pangan semua komoditas.... itulah hakekat mandiri pangan.... Cemana petani, peternak, pekebun, petambak semangat berproduksi mandiri....jika pembayaran hasil produksinya... rupiah kertas toilet sampah yang dipaksakan penggunaannya, mata uang setan yang terus menerus merosot tajam daya belinya....biang kerok kemiskinan petani Indonesia",Negatif,0.9911
27,Ngk ada 1 pun yg peduli sama yg pakai Rp sehari hari untuk kebutuhan pokok.mereka semakin kaya dengan dolar😎🥹,Positif,0.4575
28,"😂😂😂😂😂😂😂😂😂😂😂😂 Sudah Selamatkan diri masing-masing anjayy Sudah Tidak ada Harapan lagi di Indonesia 🇮🇩 maaf, TNInya aja masuk bunker duluan dan banyak Melakukan Kriminal 😂🙏🏻",Negatif,0.9917
29,Lob naik lagi.. target pemerintah 20.000 😂😂😂😂😂,Netral,0.9924
30,Kata Wowo 2030 Indonesia bubar,Netral,0.756
31,Kapan neh di nepal si bowo,Netral,0.8319
32,Mana peduli Prabowo mau dollar naik yang penting program dia mbg kopdes berjalan biarpun negara hancur sekalipun😂😂😂😂,Negatif,0.9389
33,Mahasiswa sibuk joget TIKTOK 😂😂😂😂,Negatif,0.95
34,Korupsi gasss pool 👏👏👏 sampai ludes boss Jangan kasih ampun 👌👍,Negatif,0.9888
35,Intinya kalau rupiah udah 20.000 intinya Prabowo wajib jatuh dan segera revolusi & reformasi baru,Negatif,0.8399
36,Kali kabur lagi jangan lupa botinya dibawa juga ya pa,Netral,0.794
37,Akibat punya presiden yg cuman omong kosong mantan napi angkat jdi mentri kabinet napi,Negatif,0.9941
38,‼️🚀SIKATT🚀🚀 #BUBARknDPR #InstiTAIsi💩 💥,Negatif,0.9197
39,"Tenang ktnya bisa 5 rb, kapaaaaaan",Positif,0.9461
40,Percaya deh.. kalau sdh naik susah turunnya.,Positif,0.9814
41,Rp 20rb 👍 👏👏👏,Netral,0.9641
42,"Emang gue pikirin....hidup MBG,, hidup kopdes merah putih 🔥🔥",Negatif,0.7218
43,"17500 baik2 saja, 17600 baik2 saja, 17700 baik2 saja, 22000_______________________",Netral,0.678
44,"Mbg tetap jalan, aman",Positif,0.9705
45,"Jika tembus 22.000, rupiah masih cukup bagus, taeek",Positif,0.9832
46,Mahasiswa mana mahasiswa .........,Negatif,0.995
47,"Yang penting tembus 17.845 dulu secepetnya, baru incer target lainnya.. 🔥🔥🔥",Netral,0.9711
48,Soros klu ingin menurunkan mata uang suatu negara hanya memberikan doktrin ke rakyat tersebut agar melawan pemerintahnya sendiri dgn begitu otomatis mata uang akan melemah dgn sendirinya sama seperti Vietnam yg mata uangnya terendah se asia tenggara krn rakyat Vietnam pernah melawan pemerintah sendiri dan mengakibatkan perang saudara bertahun tahun,Negatif,0.9787
49,Prestasi yang harus diapresiasi 😀,Positif,0.758
50,Yuk bisa naik lagi yukkkk,Netral,0.8147
51,"17.500 per 1 USD adalah batas psikologis pasar, bila itu terlampaui tidak ada lagi trust, orang tdk berani simpan dlm Rupiah krn akan semakin merosot nilainya.",Negatif,0.9909
52,"Mari siapkan BST ,seaman Book, paspor ga ngiler apaa @respitoe , @_robsandy , @jkz_ahmad_nurdin",Positif,0.4977
53,KEGAGALAN TERBESAR setelah 80 TAHUN MERDEKA: GAGAL MEMBANGUN SDM. ❌️ Konoha --> SDM RENDAH: DOYAN KORUPSI-KOLUSI-NEPOTISME + SISTEM & PENEGAKAN HUKUM yang DISFUNGSI + IQ RENDAH + PRODUKTIVITAS & KREATIVITAS RENDAH + BERMENTAL INFERIOR COMPLEX + ANTI KEDISIPLINAN + ANTI SAINS + DOYAN BERKEMBANG BIAK + DOYAN MERUSAK LINGKUNGAN = NEGARA GAGAL. 😏 #TrutHurts,Negatif,0.9696
54,"Acak acakan pak , ampun pak @prabowo 😢😢😢",Negatif,0.9956
55,kata purbaya tenang aja...nanti kita ngutang...,Negatif,0.7796
56,Negara kaya SDA tapi miskin kurs,Negatif,0.9959
57,Maksain sih MBG ngabisin duit negara😂,Negatif,0.9939
58,nggak da masalah Krn orang desa nggak pake dolar ... 😂,Netral,0.4602
59,Nanggung kenapa gak ke 25 rb aja.....?,Negatif,0.9322
60,Mantab...kalau hanya 22 rb..mending 25 rb.....lebih manteb,Positif,0.9925
61,Mantap 🔥🔥🔥🔥 menyalaa rupiah qu 🔥🔥🔥 gass trusss jgn kasih kendor 😂😂😂😂,Positif,0.6764
62,NEGARA KESATUAN SUMATERA RAYA!!!!,Netral,0.9953
63,REPUBLIC DEMOCRATIC OF SUMATRA!!!,Netral,0.9839
64,Mantap. Meledak meletup yang pegang banyak Dollar AS,Positif,0.9422
65,GPP . Ingat pidato Prabowo Subianto ! Petani Indonesia Ng pake dollar ! Apabila benar pernyataan Purbaya ! Mengusir semua investor dari Indonesia! Karena apa ??????😂😂😂😂,Negatif,0.9752
66,Parah Indonesia bisa rusuh nih dolar 22.000,Negatif,0.9955
67,Kalo keos ya pjabat tingal kabur.. Apalagi si wokwok,Negatif,0.9971
68,Biar sampe 220 ribu juga gak pa. Kan kita di desa,Negatif,0.8788
69,"Semoga bisa tembus Rp 45,000/$ makin naik lagi spy gaji kami bisa di nikmati",Positif,0.9797
70,Yg di desa aman,Positif,0.9827
71,banyak yg ketawa tapi ya bisa jadi itu tembus meroket diatas 20.000 😬,Negatif,0.7957
72,Dolar itu hanya untuk kalangan org2 kaya yg suka beli barang2 impor.. bakar doLaarr.. bakaarr🔥,Negatif,0.9491
73,haduhh.. .. Buka mata pak bu.. Mengapa indonesia mau berperang atas dolar..kagak paham program presiden toh...tuhh ada kanal kanal aduan resmi pemerintahan.. Bila kurang paham langkah Asta cita tanya ke departemen pemerintaan.. Biar dijelaskan apa makna dollar sesungguhnya atas program presiden yang ingin rakyat jangan tergantung mata uang aseng.. Indonesia berperang atas ketergantungan nilai rupiah terhadap dollar.. Karena itu swasembada pangan di kebut hilirisasi dikejar.. Ehhh masih saja kemakan dollar...Kalo emang pemain dollar cinta dollar tetap mau dollar menguasai Indonesia.. Itu tidak sejalan program Asta cita.. Beda menghargai program negara sendiri lantas napa masih di Indonesia bro? Pindah aja agar udah pakai dollar di luar negara sana tanpa melibatkan rupiah kan enak... Kalian ini ya makan minum sandang pangan papan berbisnis semua pakai sumber daya Indonesia.. Ehh kagak cinta mata uang sendiri? Terus panik atas dollar mau sampai kapan.. Kagak bisa import ya stop import..pakailah buatan dalam negri usahakan tanah sendiri atau inovasi sendiri yang kagak tergantung import yang pakai dollar.. Pemerintah meski dollar berapa juga BBM harga stabil kebutuhan pokok ada di stabilkan pakai subsidi.. Yang kalian ribut dollar itu apa?? Jelas jelas kagak ngaruh ke kalangan desa. Nyang ngaruh ke kalian kalian toh kenapa kelimpungan anak sekolah di LN? Atau sekolah swasta anak bayar pakai itungan dollar atau apa?.. Fix.. Kalian yang teriak dollar nih kagak sejalan program presiden berati beda rasa kebangsaan.. Kagak bangga bangsa. ..dan itu Parah.. Presiden bahkan weekend masih bekerja ke ladang panen jagung.. Kalian yang karena dolar kagak bisa jalan jalan murah lagi ke LN teriak gitu kah??? Pindah warga negara aja sekalian bro.. Kalo kagak bisa memahami tujuan murni bangsa Indonesia yang ingin bebenah sehat mandiri dan tidak tergantung aseng. Kebangsaan jeblok kok berjamaah waduhh.. Pusing ya kagak bisa pakai barang branded? Pakai batik murah kagak dolar tuh dipasar klewer.. Kebangsaan jeblok teriak pula.. Ayoo cinta bangsa sendiri. ❤❤😍kedele impor.. Tanam sendiri .. Kok memperkaya negara lain. Jadilah bangsa cerdas bersama presiden kami. Salam etti Mei,Negatif,0.9916
74,Gpp warga di desa belanja nya gak pake uang tp pake daun pisang kering 😂,Netral,0.6362
75,Gas lah bang sampe 30rb 🔥👏😂,Netral,0.8728
76,Betul kata prof. Ferry latuhihin.. 😔,Netral,0.6735
77,Ini yang di tunggu...98 Jilid 2 ...memburu pejabat korup...termasuk pencetus MBG...dan pelaksana nya...,Negatif,0.9872
78,Gpp orang desa gak pake dollar kata wowo,Negatif,0.8634
79,Rupiah sampe ke angka 22rb siap rupiah udah ngga ada arti nya lagi investor asing pada kabur Indonesia bubar,Negatif,0.9951
80,"Gpp, masyarakat gak pakai dollar kok. Iya kan?",Negatif,0.849
81,Oke gas oke gas sampe tembus 50ribu perdolar 🔥🔥🔥🔥🔥👏👏👏hidup jokowi,Netral,0.9906
82,Pemimpin kt 1d1Ot ttl sdh tdk pntas rkyt sdh muak😮,Netral,0.9736
83,Biarin dah semoga bangkrut dan bubar😂😂😂,Negatif,0.9791
84,kelasss Rupiah👑 bukannya makin bnyak nominalnya makin bagus ????,Negatif,0.8584
85,"Dan yg lebih mengerikan PHK MASSAL nya,,, kalian lebih tau klo udah terjadi PHK massal akibat nya,,, oh tuhan kapan berakhir nya negara ini dari pemimpin dzolim",Negatif,0.9969
86,Itu kan cita cita Presiden kita🔥,Positif,0.8901
87,katanya dollar berapa ribupun ga ngaruh lho.. takabur banget,Negatif,0.8676
88,jangan di takuti 20000 sekalian 50000...biar pejabatnya tambah klihatan tololnya,Negatif,0.9981
89,ya Allah lindungilah kami yg diblg para pejabat katanya yg ngk punya uang pasti yg jelekjelekin pemerintah 😢 lindungi lah kami,Negatif,0.9169
90,😂😂😂 yessssss horeeeee,Positif,0.9585
91,mungkin pemimpin kita itu KTPnya US... jd senang kali rupiahnya anjlok,Negatif,0.9936
92,Tuk saat ini beli emas termasuk aman apa kah ?,Netral,0.7473
93,Kacau di 2027,Negatif,0.9974
94,"Gapapa kan orang desa gak pakai dolar, kata beliau yang di atas kursi singgasana",Netral,0.6772
95,"Utk masyarakat lebih hati2 lagi dg lembaga BERIZIN DAN DIAWASI OJK, susah susah kumpulin uang utk investasi eh...ternyata bodong juga. Entah dana nya cuma masuk ke penipu atau memang ada oknum yg terlibat. Tanya @official.kpk ?",Negatif,0.9959
96,Saat ini saja harga sandang pangan sudah naik ...semua serba mahal 😢😢😢emak emak makin menjerit ...😢😢😢,Negatif,0.988
97,Benerlah tuh maksud beliau rakyat desa semestinya pake Dinar dan Dirham yg nilainya tidak berpengaruh sama naik turunnya mata uang fiat,Negatif,0.3982
98,Gak apa2 rupiah melemah...yg penting MBG menguat...,Negatif,0.6536
99,Ngak apa apa pak presiden ngomong orang desa tidak pake dollar biar saja sampe 30.000 kok🤔🤣,Negatif,0.9501
100,Aman Semasih PRESIDEN bilang orang didesa TDK pakai DoLAr......JOGEDiN saja 😂😂😂😂😂😂,Negatif,0.8343
101,Ya elah kalau gini terus uang 100 ribu cuma bis beli bakwan 2 biji 😂😂,Negatif,0.7442
102,Gonta ganti presiden tapi tambh ancur😢😢😢😢😢.biaya hidup mahl gaji kecil😂😂😂😂😂,Negatif,0.9138
103,"Gqpapa , rusak sekalian dulu ,nanti kalo sudah tau rasa ny di 22.000 jadi ga penasaran , klo enak jalani kalo ga enak yang berwenag mikir",Negatif,0.9607
104,Ok gass... HEDOOP JUKUWEE😂😂😂,Negatif,0.5585
105,Apa gak ada niat untuk memakzulkan presiden wakanda ini ?,Negatif,0.997
106,"Nepalkan semua pejabat tinggi negara, kerja ga becus!",Negatif,0.9959
107,Santai rakyat desa g pake dolar kok! (Kata si plenger)😂,Negatif,0.9373
108,Tembus 22ribu perdolar rupiah tidak bisa diselamat kan,Netral,0.8563
109,Kata lelek ham4 j4wa gak ngaruh krna orang desa gak pake dolar,Negatif,0.985
110,SEMOGA KRISIS BIAR SADAR KABINET OPLOSAN PRABONYOK TERMUL PILIHAN MU,Negatif,0.9506
111,Seharusnya president dan seluruh jajarannya malu kecuali muka tembok kagak becus urus negara,Negatif,0.998
112,Kata Wowo org desa ga make dollar kok,Negatif,0.8504
113,"Gak papa kok,kan kita didesa gak pake dollar, gitu sihh kata pak presiden 😂",Negatif,0.4892
114,warga des ga pake dolar,Negatif,0.8261
115,BENER APA KATA KETUA BEM UGM KAN?? PRESIDENT BODOH GA TAU APA APA DAN GA SADAR NEGARA SEBENTAR LAGI HANCUR DITANGANNYA.! GA BISA KERJA GA TAU APA. YG DIA OMONGIN DAN APA YG DIA KERJAKAN.!!,Negatif,0.9966
116,Tenang aja kita punya presiden yang ahli joget 🔥🔥,Positif,0.7766
117,Kata pa Wowo.....kita mah rakyat kecil nggak pake dollar....jadi nggak ngaruh....😂😂,Negatif,0.6576
118,Mnuju Indonesia..cemas aja bukn emas,Negatif,0.9914
119,Dan si badut wowo wajib turun kursi,Netral,0.8931
120,Desa gk pake dolar katanya,Negatif,0.9902
121,58% nAngis di pojokan sambil pegang omprengan MBG yg ada belatung 😂😂😂😂😂,Netral,0.5981
122,Kata prabowok rakyat desa gak pakai dolar 😂😂😂 wajar saja 10 dari 100 😂,Negatif,0.73
123,"Gpp, orang desa gak pakai dollar,..yg penting udah jadi presiden, ..dia pikir orang desa itu dungu semua",Negatif,0.9981
124,"Katanya orang desa gak pake dollar , bangssaatkan dia",Negatif,0.9682
125,Kata Wowo; bodo amat!,Negatif,0.9973
126,"Tenang, orang desa ngga pakai dollar 😮",Netral,0.8257
127,Orang desa' gak pake dolar kok😂,Netral,0.8038
128,Yang penting ok gas jogetinn aja,Netral,0.4488
129,Dollar ke rupiah 22ribu Ringgit ke rupiah 8ribu Sg dollar ke ruliah 15ribu,Netral,0.9851
130,Cuan.. Indonesia.. Smakin.. Bertambah,Negatif,0.7802
131,"ASAL BAPAK SENANG Hey antek2 asing,,Negara Bangkrut krn MBG bukan krn perang rudal....Maling Berkedok Government,selamatkan uang pajak rakyat tdk ada yg gratis boss itu duit rakyat....kebijakan pemerintah yg salah membuat rakyat makin susah dan miskin😢😢🔥🔥🙌",Negatif,0.989
132,Tenang rakyat desa ga pake dolar kok 🤭,Netral,0.3948
133,"""Orang desa ga pake Dollar"" kata orang yang bilang MBG bikin IQ naik",Negatif,0.9817
134,Orang lokal yg NGUTANGIN NEGARA via SBN rupiah mampossssss rugiii,Negatif,0.9975
135,Don't panic 🔥,Netral,0.8545
136,"SDH SAATNYA RAKYAT & KAUM TERPELAJAR BANGKIT MELAWAN UTK SEGERA TURUNKAN SI WOWO SEBELUM NEGERI HANCUR LEBUR, SEGERA TURUNKAN.!!!!!!!",Negatif,0.9863
137,Jangan sampe 17rb please.. d stop dlu lah pembuat onarnya,Negatif,0.9737
138,KLO kata Wowo gpp org desa soalnya GK pake dolar😂,Netral,0.499
139,Indonesia bubar kata wowo,Netral,0.6485
140,Bisa 25rb malah 😂,Netral,0.9508
141,Hidup MBG Hidup Swasembada Impor Hidup BOP Hidup Wiwi 😂😂😂 Badut terpilih iya jadi Pemimpin koplak Para 🤡🤡🤡😂🤡😂🤡🚀🚀 Rupiah 🚀🚀🤡😂🤡😂,Negatif,0.9568
142,Let's go 🔥🔥🔥,Netral,0.966
143,"Auto resesi, kebanyakan joget nih rezim",Negatif,0.9949
144,Jabatan pe.mimpin diberikan orang yg tidak tepat,Negatif,0.9962
145,"Bubar antek antek asing 😂Indonesia makin melemah para pejabat semakin kaya , rakyat semakin miskin",Negatif,0.994
146,Ini bukan untuk menakut-nakuti tapi ini peringatan bagi pemerintah yang terkesan kurang tanggap,Negatif,0.9938
147,20ribu sudah waktunya ikut jejak mertuanya 😂,Netral,0.9725
148,yang penting MBG ga boleh berhenti demi keberlangsungan gizi anak bangsa 😂,Positif,0.7752
149,ayo saya yakin rupiah pasti bisa 50rb Rp/dollar🤣🤣,Netral,0.744
150,Penting MBG dan KDMP gass pooolll🤣🤣🤣,Positif,0.7387
151,indonesia sangat emas sekali bung👏😂,Positif,0.9646
152,"Nanti pasti ada yg ngomong, jd analis jgn nakut2in 🤫",Negatif,0.7489
153,Heh goblok. gua kaga perduli sama dolar. yg berguna buat gua dan seluruh bangsa Indonesia cuma Rupiah. dolar lu kaga laku di Indonesia ..di sini uang nya cuma rupiah. ngerti kaga lu tolol,Negatif,0.9979
154,18 ribu saja rakyat dah kolep kayak nya 😢,Negatif,0.9555
155,Tenang kita punya wapres Gibran 😁😆,Netral,0.9194
156,"Prestasinya prabowo dan gibran ini, harus di ukir di meseum.",Netral,0.5405
157,@prabowo TURUN 😎,Netral,0.9091
158,"Bahkan jika rupiah melemah sampai 50.000 pun, MBG dan KDMP harus tetap jalan. Karena cuannya besar",Netral,0.6409
159,Yakin dah bakalan tembus 20ribu😂😂😂😂 tambah hancur😂😂😂,Positif,0.6486
160,😂😂😂😂Ayuh lanjut ke 20k,Netral,0.9865
161,"Punya uang 50 rb gk ada apa2nya, belanja 100rb kaya belaja rp1000, belanja uang 1juta kaya belanja 100rb, well, Indonesia makin krisis, Indonesia salah pemimpin, ayo gen z tingkatkan kesadaran mu, siapa pemimpin Indonesia yg sebenarnya, china lebih maju padahal dipimipin komunis,",Negatif,0.9965
162,Gejolak itu pasti akan datang..,Negatif,0.9025
163,Iya ga pa sentuh aja ke 22 ribu...,Negatif,0.5747
164,Masih sabar ya masyarakat,Positif,0.9411
165,Tembus 22.000 sudah pasti BANJIR DARAH 🩸🩸🩸,Negatif,0.7049
166,Gpp ..kan belum tembus 30.000 ayooo woo lanjutkan bikin bubar neraga ini wo,Negatif,0.9922
167,Ngeri kali 22 Rb 😂,Negatif,0.987
168,"Klo Kita Kritik pemerintah nanti jawabnya ""Heeyyyyy anteck anteck azeng"" 😂😂😂",Negatif,0.9691
169,Berpegangan yang kuat,Positif,0.9121
170,Makanya gk ada jalan lain yg bisa meyelamatkan semua ini adalah PROYEK MBG DI STOP TIDAK BISA TIDAK WAJIB DI STOP SEBELUM.HANCUR.LEBUR NEGARA INI !,Negatif,0.9857
171,Yang bilang harus cinta produk dalam negeri siapa .penuh semangat membara akan buat indonesia makmur .hasilnya eng ing eng,Positif,0.9941
172,NEGARA DI URUS OLEH ORANG ORANG PARTAI..NEGARA DI URUS MAYORITAS LULUSAN SMA..NEGARA DI URUS OLEH ORANG ORANG YANG JUALBELI JABATAN ..NEGARA DI JRUS OLEH KEBANYAKAN IJAZAH PALSU..NEGARA DI URUS OLEH ORANG ORANG MANTAN PENGUASA DULU DAN KETURUNAN NYA..NEGARA DI URUS OLEH PENJILAT PENJILAT PARTAI DAN PENGUASA..NEGARA DI URUS OLIGARKI .NEGARA DI URUS ORANG ORANG TUA YANG ORTODOK.TUNGGU KEHANCURAN NYA,Negatif,0.9927
173,"Belii Dollar rame2 SDH 22 jual,, dlu waktu 98 pada iklas sumbangan emas harta para rakyat untuk pak Habibie dlam menguatkan Rupiah, skrng gw yakin rakyat padaogah disuruh bantu2 pemerintah",Positif,0.8138
174,omon2 di tipu sama bawahannya..pekok,Negatif,0.9981
175,"Stop mbg ,kmp ,korupsi yyg ugal ugalan ,hukum yg tak jelas ini semua penyebab rp anjlok hilang nya kepercayaan investor",Negatif,0.997
176,Gpp.. Toh 2030 kita bubar kan👏👏,Negatif,0.9137
177,Bodoh amat yang penting MBG 🔥🔥,Negatif,0.9977
178,Dipimpin oleh presiden bodoh yg dipilih oleh kaum goblok 58%,Negatif,0.9976
179,2 dolar itu sama dengan gajian 1 bulan😊🤏🤏🤏😂,Netral,0.6609
180,Sudah makzulkan saja,Negatif,0.9946
181,sudah waktunya kita menukar uang kita ke dolar🔥,Netral,0.9911
182,"MBG itu penting, negara kita cerah, 🫠🫠🫠",Positif,0.9568
183,Perbanyak Istighfar kalau gini...,Positif,0.5845
184,"""SELAMAT MALAM, SAHABAT TWITTER, APA KABAR ?"" Ucap ceo mbg 2013",Netral,0.9894
185,Gass trus wooo. Msh banyak ga kebagian proyek MBG mu tuh,Negatif,0.985
186,Alhamdulillah gua ada $ 10.000 😂,Netral,0.7932
187,Naikkan gaji dan upah indonesia 4×lipat,Netral,0.9428
188,Wihhh luar biasa🔥🔥,Positif,0.9847
189,Mbg yg penting aman,Positif,0.98
190,Menyala @prabowo sekalinya jdi presiden ..,Negatif,0.9727
191,"Ku tunggu di 18 rebu, minggu depan Kan tercapai 😂😂 Hidup MBG",Netral,0.7784
192,Nunggu bisul meletus,Negatif,0.9945
193,Memang ini yang lagi dilakukakan,Netral,0.8183
194,"Janji kampanye prabowo gibran , dollar 5rb . Ternyata mo naik 5rb😢😢",Netral,0.9782
195,"Bukannya rupiah melemah gegara faktor global ya seperti konflik timur tengah dan harga minyak naik? terus kenapa prabowo yg disalahin??, Bank indonesia aja udah jelasin kalau faktor rupiah melemah karena faktor itu, terus ini kenapa para komennya pada nyalahin prabwo ya. Konteksnya gimana?",Negatif,0.9954
196,"Ok gass,, Ok gass 😢",Netral,0.8768
197,Ayo kuatkuatan aja 😂,Negatif,0.4955
198,Ok gas aja dulu,Netral,0.8324
199,Ayooo Ndut naik lagi ...bisalah 22.000. prestasi si gendut neh ......ini yg katanya Indonesia Terang itu ....Terang NdasMu 💩🐷,Negatif,0.9668
200,Inilah klu negra di kuasai org yg tidak kompeten dibidang nya . Hancur di semua sisi ...pjbt mkn kaya raya ..rakyat jelata mkn blangsak . Nah yg lucunya rakyat jelata yg bodoh itu ....malah muja2 penguasa yg memiskin kan hidup mereka ....block,Negatif,0.9966
201,Saat nya reformasi,Negatif,0.6028
202,Pendukung wowok yg dungu MN paham ini ...otaknya ga akan nyampe,Negatif,0.9968
203,Ponakan prabowo dipasang di BI memang untuk ini tujuannya,Netral,0.9779
204,Police diperkuat kurs 50.000 juga masih ok,Netral,0.9854
205,Kaum 58℅ ngga apa dollar naek saya belanja pake rupiah😂😂😂. Bodohnya tak bertepi,Negatif,0.9889
206,TENANG AJA TARGET DI 50RB ! 20 TITIK AMAN PERTAMAN PASTI TEMBUSLAH !👏🔥,Positif,0.5852
207,Lebih parah dari krismon 1998,Negatif,0.9967
208,😍😍😍 MBG SOLUSINYA 😍😍😍😍😍 OKE GAS 🥰💃 OKE GAS.. 💸💸💸💸 2029 SATU PUTARAN 💸💸💸💸🥂😎 SIREKAP APLIKASINYA 😇😇😇,Netral,0.9831
209,30000 akhir tahun🙏🙏,Netral,0.9312
210,Goceng katanya nanti,Netral,0.9023
211,Ternyata banyak bener anjing peliharaan pemerintol lagi gonggong.. Di iming2 dog food premium sih yah? hehe..,Negatif,0.9945
212,Nggak masalah mau naik sampai go cap juga aman kok nkri,Positif,0.9918
213,MENUNGGU GERAKAN 98 JILID II,Netral,0.9909
214,Aminnnnnn Aminnnnn Aminnnnnnn Ya Allah,Positif,0.9576
215,Dapak BoP mata uwang negara Indonesia di caplok dolar AS akibat prsiden palsu,Negatif,0.9729
216,"Oww masi jauh itu,, targetnya 28.000 🔥🔥🔥",Netral,0.8278
217,Solusinya @presidenrepublikindonesia ?,Netral,0.9885
218,kekny senin melemah lagi soalny minyak tmbh mahal lagi,Negatif,0.989
219,"Tenang tenang kita masi pnya mbg dan kopdes,itu smua hnya akal2an aseeeng yg tdk ingin indonesia maju.kata2 aki2 yg dri dlu pngen jdi orang no 1",Negatif,0.8433
220,terpenting pejabat dan keluarganya sejahtera dari hasil keringat pajak rakyat.,Positif,0.9019
221,Tanggung amat 22 rebu😂😂😂😂😂54 rebu sekalian,Negatif,0.9137
222,Semangat menuju 100.000 cuma kurang 82k😍😍,Negatif,0.4763
223,Buzzer mafia dan koruptor sedang menyerang pemerintah. 🤣🤣🤣,Negatif,0.9793
224,Gassss sampe 50rb biar kaum 58% pada sadar,Negatif,0.9007
225,Semua sudah ikhlas prabowo gibran turun..gak ada perubahaan malah merosot..nyalahin antek antek asing tp gak intropeksi si tua NPD sama bocah kosong😢 MBG makin kacau tujuannya apalagi kopdes... gregetan,Negatif,0.9765
226,Pasti sampe 20an ribuan atau malah lebih kalo liat cara negara diurus kayak sekarang.,Negatif,0.9529
227,Makan solusi nya,Positif,0.9599
228,BI yg bner lu shibal,Negatif,0.971
229,50k per dollar wowo ttp joget coy 😂😂😂,Netral,0.5863
230,4w · Edited,Netral,0.8723
231,Hidup MBG Kopdes. Ok Gasss. Sampai Bubar,Negatif,0.9845
232,"Kalo mbg bubar baru itu masuk fase krisis, selagi mbg jalan berarti baik2 saja 🙏🏼🤣",Negatif,0.7309
233,Sama dengan ramalan prof ferry,Netral,0.976
234,Gk ada demo ya,Negatif,0.9849
235,"Bingung...... Bingung saja melihat keadaan pemerintah saat ini. Bangsa ini besar tapi pemimpin nya berjiwa kerdil dan bila pidato pasti ada kata2 SEPANJANG SEJARAH .... SEPANJANG SEJARAH BERDIRI NEGRI INI...... Dia lah paling hebat pemimpin di negri ini😂😂 ANEH NYA LAGI DOLLAR UDAH MENGHANCURKAN SENDI EKONOMI NEGARA INI TAPI MAHASISWA KOK BUNGKAM......??? MANA GRAKAN MORAL MAHASISWA, MN KEPEDULIAN MAHASISWA.....??? MANA AKSI MAHASISWA.....??? MN DEMO MAHASISWA ......???? 😮😮😮😂😂😂😂",Negatif,0.9969
236,Gpp... klo dh ada penjarahan bru saya yakin efek dari dolar naik,Negatif,0.8108
237,"Sekalinya jd Presiden, amburadulllllll",Negatif,0.9936
238,"Gassss, rupiah ke 50 ribu 😂😂",Netral,0.9909
239,@prabowo mau kabur lagi ke yaman yah sekarang,Negatif,0.9894
240,Kata Jokowi obligasi itu apa?,Negatif,0.7544
241,Target $1 = Rp.50.000.,Netral,0.9913
242,Apbila suatu urusan di serahkan kpda yg bukan ahlinya maka tunggu saja kehancuranya,Negatif,0.9771
243,Tinggal pindah ke Yuan jangan pake dolar lagi,Negatif,0.8766
244,Ya mungkin dg cara ini yg bisa menumbangkan pemerintahan seperti thn 98,Positif,0.6299
245,"Rupiah bisa berfluktuasi, tapi persatuan kita harus tetap stabil. Jangan biarkan kepanikan mengadu domba, dan jangan jadikan saudara sebagai tempat menyalahkan *Gotong royong adalah tampan terbaik saat ekonomi bergejolak. Perdamailah perbedaan, tolak hasutan, dan jaga tali silaturahmi* *Bangsa yang kuat tidak diukur dari mata uangnya, tapi dari cara warganya saling melindungi saat sulit. Mari bersatu, bukan terpecah 😊",Positif,0.886
246,terima kasih prabowo,Positif,0.9616
247,Prabowo tau ga sih dia mesti ngapain? Atau tetap keras kepala dg mbg dan kopdes merput nya?,Negatif,0.7254
248,ngotot mbg.....bangkrut negaramu...😂😂😂😂,Negatif,0.9975
249,Menuju indonesia bubar 😂😂,Negatif,0.9759
250,Impor harus ditutup,Negatif,0.5204
251,Ngerii sih inih,Negatif,0.9978
252,"ATH gess, otw 17.845 ini",Netral,0.9973
253,Punya presiden cuma bisa pidato mana jelek lagi pidatonya,Negatif,0.9981
254,Katanya fundamental bagus tapi rakyat sudah mulai merasakan berat dengan kenaikan semua harga barang,Negatif,0.9376
255,Duit Masih Banyak Kata @prabowo,Negatif,0.9823
256,"Alhamdulillah semoga secepatnya tembus 30 ribu,biar rakyat oksedus besar besaran keluar negeri jadi TKI, harapan besar terbuka untuk penghasilan TKI.",Positif,0.5567
257,Jogetinja ok gas ok gas 😂,Netral,0.764
258,Aamiin.. Kencangkan sabuk pengaman.. Kita akan terbang menuju bulan.. Menuju 22.000,Netral,0.965
259,BODO AMATTT YANG PENTING MBG TERUSSSS JALANNN... SUPAYA BANGSAT2 PIARAAN SI WOWOK ANTENG,Negatif,0.9977
260,Menuju Indonesia maju 2030😂😂😂,Positif,0.8503
261,Lah pak purbaya sdh bilang santai ssja sdh di mitigasi he he,Netral,0.8987
262,Presiden & semua pejabat2 layak diganti ... bila ga mampu selesaikan masa krisis negara ...,Negatif,0.982
263,PEMERINTAHANN AMBURADULLLPEMERINTAHANN JAHANAMMM!!!!,Negatif,0.9957
264,Klu sdh 20.000 alasan penguasa Indonesia apa ya?,Negatif,0.9215
265,Ah Iran bisa ko tetap survive walau dengan mata uang yg lemah.,Negatif,0.8958
266,Jika 22 rb...semua pabrik tutup... phk masal... inflasi... trus konoha gelap... lalu mau alasan apa si wowo n gub bi,Negatif,0.9859
267,Itu yg wowo mau sama rezimnya biar pundi pundi simpanan dolarnya melonjak,Negatif,0.9739
268,"Gpp, porto saya amaan 👏",Negatif,0.4102
269,"Gausah dilebih-lebihkan, tapi ini memang melebihi batas 😞",Negatif,0.8667
270,Yang penting MBG dan kopdes nya jalan,Positif,0.8529
271,Insya Allah pas Juli udah 30 ribu. 👏,Netral,0.9132
272,"rakyat bantu pemerintah, tapi pemerintah memeras rakyat",Negatif,0.9949
273,GAK MASALAH.. GAK ADA NGARUH DI HIDUP GUE . MAU 30RB 40RB 50RB..,Negatif,0.8179
274,Saya akan pertaruhkan jabatan demi MBG😂,Netral,0.8386
275,Besok 22 rb. 17 agustus 100rb,Netral,0.9914
276,Awas pak nanti ditangkep. Kena kasus membuat gaduh negara.,Negatif,0.997
277,Ngeri bosss 😮,Negatif,0.9917
278,Selama MBG dihidupkan.rupiah mau brpa pun GK peduli mereka,Negatif,0.9935
279,Tapi mbg harus terus berjalan😢,Netral,0.623
280,Yg gajinya dolar smilee😒😒,Netral,0.5245
281,jika tidak ada demo besar brti masih aman dolar to rupiahnya🔥,Netral,0.8402
282,"Biar ajalah....mau 100,000 perdolar, yang penting mereka senang duduk di kekuasaan",Negatif,0.7846
283,""".....masih cukup bagus...."", bangke bangkeee 👏",Negatif,0.9934
284,"@prabowo @gibran_rakabuming kerjaaa yg bnr donk woyyy!! Ngapain ajh sih kelean rupiah smpai gk ada harganya ginii!!! Kl gk sanggup, turun woyyy!!",Negatif,0.9641
285,"Skemanya begitu,mereka kaya tgl pindah LN negara d ambil org masa bodoh jd skrg gemukin simpanan 😂",Negatif,0.9894
286,kesombongan pemerintah di bayar tunai,Negatif,0.9871
287,MBG Kopdes tetep jalan nih?,Positif,0.873
288,"Dengan terus melemahnya nilai tukar rupiah berpotensi memicu kekacauan sosial atau ketidakstabilan rakyat jika tidak dikelola dengan baik. Pelemahan rupiah yang signifikan membuat biaya impor barang meningkat, yang berdampak langsung pada kenaikan harga kebutuhan pokok, transportasi, dan energi.",Negatif,0.4281
289,"rumahnya belum roboh, tapi temboknya mulai retak dan orang mulai khawatir.",Negatif,0.9859
290,"Alhamdulillah 🤲🤲🤲🤲,sing penting artikulasi nya yang jelas , hidup MBG",Positif,0.9077
291,"Klu lihat situasi masyarakat di kampung ,santai""saja,mau rupiah anjlok kayak gak peduli.",Negatif,0.9965
292,"Kalau obligasi 90 persen yg beli orang kita sendiri, kalau gagal bayar apa gak ambruk ekonominya? Mohon penjelasan",Negatif,0.5453
293,"kok nakutin sih, dasar antech async.",Negatif,0.9974
294,Jika sampai 22 rb Indonesia Collapse,Netral,0.9071
295,akankah Indonesia kebali menjadi masa di era 90 an?? kita liat sejauh mana rakyat bisa bertahan dengan kekacauan yang pemerintah buat,Negatif,0.9514
296,Jangan dongg 😢,Negatif,0.9956
297,Kemaren aku #BERMIMPI malah menjadi 19.700,Netral,0.9896
298,"Tolak pembayaran rupiah kertas toilet sampah ribawi laknatulah yang terus menerus merosot tajam daya belinya, biang kerok kemiskinan rakyat Indonesia.... bubarkan bank sentral Indonesia, institusi setan ribawi dajjal laknatulah yang sangat zholim menindas rakyat kecil dengan pemaksaan penggunaan uang kertasnya",Negatif,0.9965
299,22k apa ke 100k😂,Netral,0.8792
300,otw 50ribu juga tembus klo rezimnya kyk gini,Positif,0.7683
301,Tahan dlu smpai tembus 20rb …,Netral,0.7577
302,"DISURUH EVALUASI GAK NIAT , DIKRITIK MALAHAN DIKATAIN KUDETA . 🤣🤣🤦‍♂️🤦‍♀️",Negatif,0.9939
303,Investasi minyak goreng mumpung harganya naik Mulu,Negatif,0.9015
304,"Tenang saja, sebentar lagi akan jatuh 5000 rupiah per dollar",Netral,0.9546
305,Kurs USD 22rb priced in @setiantobs 😂,Netral,0.9936
306,Mau sampai kurs 100ribu pun MBG tetap jalan dulu,Netral,0.9261
307,cepatlah 22k biar ganti rezim,Negatif,0.9462
308,Resiko terburuk yaudah 🇮🇩 bubar 2026 😂,Negatif,0.8289
309,Langkah nyata harus dijalankan🔥,Netral,0.9735
310,Wowo & wiwi,Positif,0.9316
311,Yuk bisa yuk,Netral,0.9813
312,Kita PESTA BABI 😂,Negatif,0.9961
313,Amann amannn katanyaa..,Positif,0.9041
314,"Gpp..biar yg ngmg 'dollar naek gangaruh bwt hidup gw"" pada tiarap",Negatif,0.9639
315,"Jaman goro goro sebelum satrio piningit/hidden knight lan Ratu Srengenge muncul ke permukaan, satrio piningit pembawa kedigdayaan Nusantara lan Ratu Srengenge ngatur jalane pemerintahan. Gile Nubuat Jayabaya ngeri banget buat Nusantara, satrio piningit atau ksatria tersembunyi jadi dewa perang Nusantara dan Ratu Matahari jadi pengatur jalannya pemerintahan Nusantara Raya. Indonesia jadi negara superioritas perang selanjutnya, pantes dulu ada Angkatan Perang Ratu Adil. Nubuat Jayabaya bikin Indonesia jadi superior Nusantara.",Negatif,0.8033
316,Rakyat Indonesia gak makan dollar. Makannya MBG. HIDUP JOKOWI!!!,Negatif,0.9898
317,Selama kita msih bsa tingkatkan SDM kuat & mengurangi ketergantungan barat.. maka kita akan msih baik² saja sprti iran,Positif,0.4423
318,"Ga apa apa, selama masih ada rejeki dari Allah, aman aman saja.",Positif,0.9682
319,Program MBG jalan terus sampai KIAMAT kek slogan warung madura,Negatif,0.9888
320,Duh belum 2 tahun ini masih lama 5 tahun bisa anjur 😂,Negatif,0.9884
321,Hancurrkannn indonesiaaaa 🔥🔥🔥,Negatif,0.9934
322,Negara kaya dikelola banyak pejabat ODGJ 😢😢,Negatif,0.8352
323,Hei orang - orang pinter ucap ceo mbg😂😂,Netral,0.5047
324,Eaaaa. Sedngkan gaji gak naik2.,Negatif,0.6675
325,"TENANG , SEBENTAR LAGI 5.000 SESUAI TARGET PRABOWO ...😂",Netral,0.9756
326,Bubar aja bubar,Negatif,0.9973
327,"Mau impor pake dollar, pake yuan, pake ringgit, pake yaman rial, melemah semua lah 😂",Negatif,0.9359
328,Go ..go.. 25rb😂,Netral,0.5929
329,Jadi bubar ga indonesia??,Negatif,0.9965
330,"Dengan kinerja pak prabowo yang buruk, boros anggaran untuk MBG, hukum tidak jelas sehingga investor takut, sangat mungkin rupiah terus menurun",Negatif,0.9978
331,Akhirnya menjelang bubar😮,Netral,0.9283
332,Indonesia telah di pimpin oleh org2x yg bodoh dan tolol...,Negatif,0.9979
333,"Makin panik warga Konoha....semakin panik, semakin cepat kolaps Prabowo, yg skrg ketawa2 dan siap2 mau naik jd presiden si Fufufafa 😂",Negatif,0.9737
334,Ganti rezim ya Allah😢,Negatif,0.9662
335,"Tenang saja duit kita masih banyak ,fiskal kita bagus😂😂😂",Netral,0.4261
336,Semua bisa diatasi dengan MBG,Positif,0.5231
337,Menuju Indonesia bubar lebih cepat 🙌,Negatif,0.6579
338,Semoga target 25rb segera tercapai... Agar mudah mencapai target yang lebih tinggi 😂😂😂,Netral,0.6098
339,Semangat bisa sentuh 30 RB 👏👏👏👏👏,Netral,0.9375
340,"Gue gabisa jajan game woi, makin mahal anj",Negatif,0.9849
341,Klo bisa 100.000 per Dollar 🔥🔥🔥,Netral,0.9742
342,Dan rakyat Indonesia masih sabar tapi sabar ada batasnya..harapan bangsa ini ada tangan gen Z🔥🔥🔥,Positif,0.6731
343,Prabowo gak tau solusi apa yahh. Seperti habibie dlu,Negatif,0.9961
344,Euro simpat tembus 21 negara-negara nya santai aja 😂😂😂,Netral,0.9902
345,Mntap pak @prabowo mau tembus 18 ribu ... 🔥🔥🔥🔥fokus mbg aja.. Proyek bgus,Netral,0.6275
346,Bajingan penculik dan pembunuh kok dijadikan presiden,Negatif,0.997
347,"25 k pun kaum 58 ttap Ng paham 😂..,.....",Netral,0.529
348,Musik ok gas ok gas tambah lagi kita gas,Negatif,0.7773
349,Cuma segelintir mahluk2 yg terafiliasi mbg yg nikmati pertumbuhan ekonomi hari ini. Sisa puluhan juta lain nya jadi tai,Negatif,0.9915
350,Jangan bikin resah brita2 apa?,Negatif,0.9948
351,Hmmm...ini seperti pembiaran dari awal...sehingga dgn nilai yg under valued jadi lebih berat ...harus ada usaha yg lebih keras dari pemimpin....,Negatif,0.9083
352,Solusinya joget 😂,Netral,0.464
353,MBG TETAP BERJALAN SEMUA AMAN,Positif,0.9657
354,"Pasti terjadi, tinggal tunggu waktu",Netral,0.9138
355,Indonesia menuju zimbabwe,Netral,0.9943
356,Prestasi yg luarbiasa menurut para pemilih nya .. wkwkwkwkwkwkw tp ujung ujung nya pd ngarep bansos ..wkwkwkwwkwkwkwk.. itulah penting nya berakal sehat waras cerdas pintar dalam memilih ..,Positif,0.9857
357,Dalang utananya PRABOWO,Netral,0.8319
358,Selamat warga 58,Netral,0.6592
359,Saya doakan semoga cepet 98 lagi,Positif,0.9501
360,Tidak apa apa agar masyarakat kita lebih pintar dan kritis lagi . Jdi harus seperti ini.,Negatif,0.991
361,Gas to the moon 🔥🔥🔥,Netral,0.9012
362,Rezim bajingan jendral yolol bin dungu laknat sebentar lagi rontok!!! Amiiiiiin!,Negatif,0.9969
363,Presiden jogetin ajahhhhh,Negatif,0.9675
364,"Di daerahku udah mulai banyak maling motor, seminggu 2 kali panen dan berhasil",Positif,0.5613
365,Kalo rupiah terpuruk jual pulau aja,Negatif,0.9924
366,Bodo amaaatttt pasrah aja Ama yg maha kuasa smua yg terjadi atas kehendak ilahi mau gimana LG org kecil begini bisa apa,Negatif,0.9957
367,WOW🔥🔥 JOGED in aja katanya😂,Negatif,0.7248
368,Feri Latuhini sudah memprediksi ini dan si bebal beserta kroco nya ga terima,Negatif,0.9692
369,Hidup Jokowi 😂😂😂kata si omon omon ...,Negatif,0.969
370,Gas sampai 170845 😂😂😂😂,Netral,0.9859
371,Semoga 100 ribu per dolar😂. Hidup jokowi😂,Netral,0.5338
372,Hanya perasaan kalian aja 😢,Negatif,0.5302
373,Msh bagus??? OMG fundemental apa 22rb itu sdh masuk negara bangkrut!! Msh aja di belain pemerintah gagal 🔥,Negatif,0.9829
374,Tenang ada Prabowo sm Letkol Teddy…. Tar jg d kasih Kue Ultah ekonomi meroket lg (meroket kebawah),Netral,0.7458
375,"Keturunan cina ""HASIL PEMILU CURANG YANG BERKELANJUTAN TIDAK BISA DIPERCAYA...SUDAH PIKUN OTAK LEMOT BICARA BOHONG...PINTAR MEMBODOH BODOHI RAKYAT BODOH DAN GOUBLOK...YANG PINTAR TAKUT MATI DIBUNUH JIKA MELAWAN DAN MENANTANG...BANGSA DAN NEGARA INI DIJAJAH DARINDALAM DAN DARI LUAR...PELAKU UTAMANYA YA KETURUN CINA YANG CARI KEKAYAAN DI BUMI INDONESIA INI ...""...INI SANGAT BENAR DAN TERANG BENDERANG LHO...KETURUNAN CINA ITU SANGAT LICIK...MENGHALALKAN YANG HARAM HARAM...JIKA BICARA RAMEI SEPERTI PASAR...BERISIK...SANGAT SOMBONG...SANGAT ZALIM...SANGAT BIADAB...SANGAT TIDAK PUNYA ADAB...",Negatif,0.995
376,"Rakyat beratt woyyy,, barang2 pasti mahal nih,, ayoh donkkkk kerja bikin turun lagiiiii",Negatif,0.9952
377,Kondisi rupiah saat ini adalah bukti ekonomi bangsa telah salah urus bung. Hampir semua nilai tambah dinikmati bangsa asing ( twit pascabowo 2013),Negatif,0.5322
378,@gerindra Sesak nafas gak nih 😂,Negatif,0.9775
379,Wah bisa lebih rendah dari uang dong vietnm,Negatif,0.9925
380,Ujung2nya rakyat yg menanggung derita. Kalangan elit pd kabur😂,Negatif,0.901
381,Dari penurunan rupiah yg sangat tajam.. bukan hal yg tidak mungkin sih ke angka 20rbuan😢,Negatif,0.4515
382,Naik kan terus pantang mundur,Positif,0.9178
383,Tambahkan aja MBG nya biar terasa asin😂,Netral,0.8864
384,Yeay..jogetin aja kata kaum 58 %😂,Negatif,0.9311
385,Bagus deh dollar sampai 22 rb biar paket Prabowo dan Gibran jatuh dan berhenti program mbg dan kopdes,Negatif,0.5436
386,Yuk bisa otw 20rb perdolar 😂😂,Netral,0.9958
387,50 ribu juga akan ok gas🔥🔥,Netral,0.7973
388,Mo sampai 100rb juga kami tetap idup 😂😂😂 gas lah,Netral,0.8971
389,Senang berkenalan dengan anda,Positif,0.9904
390,"Biar aja kalau perlu 50 ribu sekalian,, biar bubar ,, mau liat aku akun buzzer masih dukung kah atau pura"" tolol",Negatif,0.9976
391,Lebih parah dr covid🔥,Negatif,0.997
392,MBG tetap harus jalan apapun terjadi 😂,Netral,0.6427
393,"Wuih, Rp makin turun Emiten ane makin Cuan Luber🤭 yang ngikutin Post ane harusnya tau... 🤫",Negatif,0.8223
394,Ok gas ok gas,Negatif,0.6707
395,Santai saja uang kita masih banyak kata mbah wo,Negatif,0.9554
396,Selain MBG ga penting kata si bowo wowkwok,Negatif,0.9915
397,BAGI PEJABAT NEGARA YG MEMILIKI DOLAR PASTI SENYUM2,Positif,0.9728
398,Kemarin berisiko menuju 20 ribu hari ini bisa menuju 22 ribu,Netral,0.9957
399,Dan pemerintah masih tidak mau mengakui kegagalanya,Negatif,0.9912
400,"Mau komen takut di bilang ""MATANYA BUREM""",Negatif,0.9976
401,25 jg gpp.,Netral,0.9394
402,MBG lebih utama yg penting🔥,Netral,0.584
403,Disaat harga-harga kebutuhan pokok naik.. Maka masyarakat baru terbangun dari bobo'nya dan bilang aku kageeett,Negatif,0.554
404,Alhamdulillah. Semoga naik 22k lalu 25k,Positif,0.5732
405,Jgn sampe ke 20 ribu deh. Amit amit,Negatif,0.9504
406,Prestasi si Gemoy,Positif,0.9924
407,"Saya sebagai teknisi lemasss , ngarit ae.",Negatif,0.9946
408,Infonya bisa tembus 20,Positif,0.5342
409,Yu bisa yu 20k,Netral,0.9958
410,Mosi tdk percaya pd pemerintahan prabowo,Negatif,0.9932
411,"Lebih cepat lebih baik, sesuai janji CEO Indonesia bubar 2030",Positif,0.8372
412,mampuss...negara byk manusia anji...koruptor,Negatif,0.9978
413,MBG harus tetap jalan...????. 🔥🔥,Netral,0.6694
414,"Fundamental ekonomi kuat buat kalangan atas, rakyat menengah ke bawah megap2, hampir semua kebutuhan dari Import, harga2 udh bisa dipastikan naik, kuat pala lu peyang ah",Negatif,0.7024
415,Gpp yg bisa pting jl2 ke luar negeri.. 😂,Negatif,0.5691
416,Kayaknya pemerintah lagi main forex makanya harganya melambung tinggi sampai bitcoin pun tertunduk sujud melihatnya 😂😂😂,Negatif,0.8498
417,Wkkwkwk gubernur BI aman,Positif,0.963
418,Cb bilangin sm presiden di sebelah suruh berhenti yg main presiden2an.,Negatif,0.9874
419,Kerjanya ngapain pak @prabowo,Negatif,0.9836
420,Aku udah benci sama ceo itu ngerasa bener dampaknya sekarang,Negatif,0.9978
421,"Jangan panic lah.. uang Kita banyak, artinya Indonesia kuat... Bukan begitu Pak presiden @prabowo",Negatif,0.9721
422,Yg penting MBG dn koprasi merah putih,Netral,0.7368
423,mari kita bertemu lagi diagustus kamerad,Netral,0.9405
424,wok mundur wok.,Negatif,0.9967
425,koq bs tembus 22rb trus fundamntal ekonomi diblg masih baik??,Negatif,0.7034
426,Siap siap deh 1998,Positif,0.9888
427,investor luar kabur dan rakyat Indo kabur ke emas atau mata uang lain,Negatif,0.9486
428,"Tunggu ada pemimpin d negeri ini melepas dollarnya he-he-he 😂 SBY, Mega , Jokowi , Anies, Prabowo dsbnya",Netral,0.8262
429,Blm adakah pejabat terkait yg mengundurkan diri? Sepertinya sdh gak ada malunya,Negatif,0.9859
430,"Kata pak mentri ""ekonomi kita baik-baik saja"" berdasarkan pengamatan beliua di CFD 🔥🔥🔥",Netral,0.7818
431,"Euro , yen , emas dsb semua ke banting dollar .. tp sebenarnya tnggl d nikmati aja karena ini situasi global .. yang terpenting domestik aja .. stop impor dulu ekspor kencengin pemenuhan dalam negeri harus full terpenuhi terlebih dahulu ..minyak goreng , beras, pupuk dsb baru silahkan ekspor",Negatif,0.8721
432,Sekalinya naik apakah bisa turun drastis?,Negatif,0.8768
433,Gara-gara zionis Israel,Negatif,0.9937
434,Lihat USD perkasa banget ngeri emas aja kebanting telak,Negatif,0.927
435,25 ribu 1 dollar prof said,Netral,0.987
436,8 comments from Facebook,Netral,0.9947
437,English Down chevron icon Afrikaans العربية Čeština Dansk Deutsch Ελληνικά English English (UK) Español (España) Español فارسی Suomi Français עברית Bahasa Indonesia Italiano 日本語 한국어 Bahasa Melayu Norsk Nederlands Polski Português (Brasil) Português (Portugal) Русский Svenska ภาษาไทย Filipino Türkçe 中文(简体) 中文(台灣) বাংলা ગુજરાતી हिन्दी Hrvatski Magyar ಕನ್ನಡ മലയാളം मराठी नेपाली ਪੰਜਾਬੀ සිංහල Slovenčina தமிழ் తెలుగు اردو Tiếng Việt 中文(香港) Български Français (Canada) Română Српски Українська,Netral,0.8435
438,Down chevron icon,Netral,0.7242
439,© 2026 Instagram from Meta,Netral,0.9966
